{
  "pools": [{
    "conditions": [{
      "condition": "killed_by_player"
    },
      {
        "condition": "random_chance_with_looting",
        "chance": 1.0,
        "looting_multiplier": 0.08
      }],
    "rolls": 1,
    "entries": [{
      "type": "item",
      "name": "minecraft:muttonRaw",
      "weight": 3,
      "functions": [{
        "function": "set_count",
        "count": {
          "min": 0,
          "max": 1
        }
      },
        {
          "function": "furnace_smelt",
          "conditions": [{
            "condition": "entity_properties",
            "entity": "this",
            "properties": {
              "on_fire": true
            }
          }]
        },
        {
          "function": "looting_enchant",
          "count": {
            "min": 0,
            "max": 2
          }
        }]
    }]
  },
    {
      "conditions": [{
        "condition": "killed_by_player"
      },
        {
          "condition": "random_chance_with_looting",
          "chance": 0.010,
          "looting_multiplier": 0.02
        }],
      "rolls": 1,
      "entries": [{
        "type": "item",
        "name": "minecraft:wool",
        "weight": 3,
        "functions": [{
          "function": "set_data",
          "data": 1
        }]
      }]
    },
    {
      "conditions": [{
        "condition": "killed_by_player"
      },
        {
          "condition": "random_chance_with_looting",
          "chance": 0.010,
          "looting_multiplier": 0.02
        }],
      "rolls": 1,
      "entries": [{
        "type": "item",
        "name": "minecraft:wool",
        "weight": 3,
        "functions": [{
          "function": "set_data",
          "data": 2
        }]
      }]
    },
    {
      "conditions": [{
        "condition": "killed_by_player"
      },
        {
          "condition": "random_chance_with_looting",
          "chance": 0.010,
          "looting_multiplier": 0.02
        }],
      "rolls": 1,
      "entries": [{
        "type": "item",
        "name": "minecraft:wool",
        "weight": 3,
        "functions": [{
          "function": "set_data",
          "data": 3
        }]
      }]
    },
    {
      "conditions": [{
        "condition": "killed_by_player"
      },
        {
          "condition": "random_chance_with_looting",
          "chance": 0.010,
          "looting_multiplier": 0.02
        }],
      "rolls": 1,
      "entries": [{
        "type": "item",
        "name": "minecraft:wool",
        "weight": 3,
        "functions": [{
          "function": "set_data",
          "data": 4
        }]
      }]
    },
    {
      "conditions": [{
        "condition": "killed_by_player"
      },
        {
          "condition": "random_chance_with_looting",
          "chance": 0.010,
          "looting_multiplier": 0.02
        }],
      "rolls": 1,
      "entries": [{
        "type": "item",
        "name": "minecraft:wool",
        "weight": 3,
        "functions": [{
          "function": "set_data",
          "data": 5
        }]
      }]
    },
    {
      "conditions": [{
        "condition": "killed_by_player"
      },
        {
          "condition": "random_chance_with_looting",
          "chance": 0.010,
          "looting_multiplier": 0.02
        }],
      "rolls": 1,
      "entries": [{
        "type": "item",
        "name": "minecraft:wool",
        "weight": 3,
        "functions": [{
          "function": "set_data",
          "data": 6
        }]
      }]
    },
    {
      "conditions": [{
        "condition": "killed_by_player"
      },
        {
          "condition": "random_chance_with_looting",
          "chance": 0.010,
          "looting_multiplier": 0.02
        }],
      "rolls": 1,
      "entries": [{
        "type": "item",
        "name": "minecraft:wool",
        "weight": 3,
        "functions": [{
          "function": "set_data",
          "data": 7
        }]
      }]
    },
    {
      "conditions": [{
        "condition": "killed_by_player"
      },
        {
          "condition": "random_chance_with_looting",
          "chance": 0.010,
          "looting_multiplier": 0.02
        }],
      "rolls": 1,
      "entries": [{
        "type": "item",
        "name": "minecraft:wool",
        "weight": 3,
        "functions": [{
          "function": "set_data",
          "data": 8
        }]
      }]
    },
    {
      "conditions": [{
        "condition": "killed_by_player"
      },
        {
          "condition": "random_chance_with_looting",
          "chance": 0.010,
          "looting_multiplier": 0.02
        }],
      "rolls": 1,
      "entries": [{
        "type": "item",
        "name": "minecraft:wool",
        "weight": 3,
        "functions": [{
          "function": "set_data",
          "data": 9
        }]
      }]
    },
    {
      "conditions": [{
        "condition": "killed_by_player"
      },
        {
          "condition": "random_chance_with_looting",
          "chance": 0.010,
          "looting_multiplier": 0.02
        }],
      "rolls": 1,
      "entries": [{
        "type": "item",
        "name": "minecraft:wool",
        "weight": 3,
        "functions": [{
          "function": "set_data",
          "data": 10
        }]
      }]
    },
    {
      "conditions": [{
        "condition": "killed_by_player"
      },
        {
          "condition": "random_chance_with_looting",
          "chance": 0.010,
          "looting_multiplier": 0.02
        }],
      "rolls": 1,
      "entries": [{
        "type": "item",
        "name": "minecraft:wool",
        "weight": 3,
        "functions": [{
          "function": "set_data",
          "data": 11
        }]
      }]
    },
    {
      "conditions": [{
        "condition": "killed_by_player"
      },
        {
          "condition": "random_chance_with_looting",
          "chance": 0.010,
          "looting_multiplier": 0.02
        }],
      "rolls": 1,
      "entries": [{
        "type": "item",
        "name": "minecraft:wool",
        "weight": 3,
        "functions": [{
          "function": "set_data",
          "data": 12
        }]
      }]
    },
    {
      "conditions": [{
        "condition": "killed_by_player"
      },
        {
          "condition": "random_chance_with_looting",
          "chance": 0.010,
          "looting_multiplier": 0.02
        }],
      "rolls": 1,
      "entries": [{
        "type": "item",
        "name": "minecraft:wool",
        "weight": 3,
        "functions": [{
          "function": "set_data",
          "data": 13
        }]
      }]
    },
    {
      "conditions": [{
        "condition": "killed_by_player"
      },
        {
          "condition": "random_chance_with_looting",
          "chance": 0.010,
          "looting_multiplier": 0.02
        }],
      "rolls": 1,
      "entries": [{
        "type": "item",
        "name": "minecraft:wool",
        "weight": 3,
        "functions": [{
          "function": "set_data",
          "data": 14
        }]
      }]
    },
    {
      "conditions": [{
        "condition": "killed_by_player"
      },
        {
          "condition": "random_chance_with_looting",
          "chance": 0.010,
          "looting_multiplier": 0.02
        }],
      "rolls": 1,
      "entries": [{
        "type": "item",
        "name": "minecraft:wool",
        "weight": 3,
        "functions": [{
          "function": "set_data",
          "data": 15
        }]
      }]
    }]
}
