{
	"file_path": "C:\\Users\\User\\AppData\\Local\\Packages\\Microsoft.MinecraftUWP_8wekyb3d8bbwe\\LocalState\\games\\com.mojang\\development_behavior_packs\\v3.5Custombeh\\loot_tables\\entities\\witherstill.json",
	"file_type": "loot_table",
	"format_version": 1,
	"file_uuid": "574470c2_0864_495f_9b22_7bed93f20e55",
	"file_version": 43,
	"cache_content": {
		"children": [
			{
				"open": {
					"pools": [
						{
							"rolls": 1,
							"conditions": [
								[
									{
										"condition": "killed_by_player"
									}
								]
							],
							"entries": [
								{
									"type": "item",
									"weight": 1,
									"name": "minecraft:netherstar"
								},
								{
									"type": "item",
									"weight": 1,
									"name": "minecraft:obsidian",
									"functions": [
										{
											"function": "set_count",
											"count": {
												"min": 2,
												"max": 3
											}
										},
										{
											"function": "looting_enchant",
											"count": {
												"min": 0,
												"max": 1
											}
										}
									]
								},
								{
									"type": "item",
									"weight": 1,
									"functions": [
										{
											"function": "set_count",
											"count": {
												"min": 2,
												"max": 3
											}
										},
										{
											"function": "looting_enchant",
											"count": {
												"min": 0,
												"max": 1
											}
										}
									],
									"name": "minecraft:wither_rose"
								},
								{
									"type": "item",
									"weight": 12.5,
									"functions": [
										{
											"function": "set_count",
											"count": {
												"min": 2,
												"max": 3
											}
										},
										{
											"function": "looting_enchant",
											"count": {
												"min": 0,
												"max": 1
											}
										}
									],
									"name": "minecraft:coal_block"
								},
								{
									"type": "item",
									"weight": 25,
									"functions": [
										{
											"function": "set_count",
											"count": {
												"min": 2,
												"max": 3
											}
										},
										{
											"function": "looting_enchant",
											"count": {
												"min": 0,
												"max": 1
											}
										}
									],
									"name": "minecraft:quartz"
								},
								{
									"type": "item",
									"name": "minecraft:recovery_compass",
									"weight": 1
								},
								{
									"type": "item",
									"weight": 10,
									"functions": [
										{
											"function": "set_count",
											"count": {
												"min": 2,
												"max": 3
											}
										},
										{
											"function": "looting_enchant",
											"count": {
												"min": 0,
												"max": 1
											}
										}
									],
									"name": "minecraft:nether_wart"
								},
								{
									"type": "item",
									"weight": 25,
									"functions": [
										{
											"function": "set_count",
											"count": {
												"min": 2,
												"max": 3
											}
										},
										{
											"function": "looting_enchant",
											"count": {
												"min": 0,
												"max": 1
											}
										}
									],
									"name": "minecraft:nether_brick"
								},
								{
									"type": "item",
									"weight": 1,
									"name": "minecraft:spyglass"
								}
							]
						}
					]
				},
				"key": "pools",
				"children": [
					{
						"open": [
							{
								"rolls": 1,
								"conditions": [
									[
										{
											"condition": "killed_by_player"
										}
									]
								],
								"entries": [
									{
										"type": "item",
										"weight": 1,
										"name": "minecraft:netherstar"
									},
									{
										"type": "item",
										"weight": 1,
										"name": "minecraft:obsidian",
										"functions": [
											{
												"function": "set_count",
												"count": {
													"min": 2,
													"max": 3
												}
											},
											{
												"function": "looting_enchant",
												"count": {
													"min": 0,
													"max": 1
												}
											}
										]
									},
									{
										"type": "item",
										"weight": 1,
										"functions": [
											{
												"function": "set_count",
												"count": {
													"min": 2,
													"max": 3
												}
											},
											{
												"function": "looting_enchant",
												"count": {
													"min": 0,
													"max": 1
												}
											}
										],
										"name": "minecraft:wither_rose"
									},
									{
										"type": "item",
										"weight": 12.5,
										"functions": [
											{
												"function": "set_count",
												"count": {
													"min": 2,
													"max": 3
												}
											},
											{
												"function": "looting_enchant",
												"count": {
													"min": 0,
													"max": 1
												}
											}
										],
										"name": "minecraft:coal_block"
									},
									{
										"type": "item",
										"weight": 25,
										"functions": [
											{
												"function": "set_count",
												"count": {
													"min": 2,
													"max": 3
												}
											},
											{
												"function": "looting_enchant",
												"count": {
													"min": 0,
													"max": 1
												}
											}
										],
										"name": "minecraft:quartz"
									},
									{
										"type": "item",
										"name": "minecraft:recovery_compass",
										"weight": 1
									},
									{
										"type": "item",
										"weight": 10,
										"functions": [
											{
												"function": "set_count",
												"count": {
													"min": 2,
													"max": 3
												}
											},
											{
												"function": "looting_enchant",
												"count": {
													"min": 0,
													"max": 1
												}
											}
										],
										"name": "minecraft:nether_wart"
									},
									{
										"type": "item",
										"weight": 25,
										"functions": [
											{
												"function": "set_count",
												"count": {
													"min": 2,
													"max": 3
												}
											},
											{
												"function": "looting_enchant",
												"count": {
													"min": 0,
													"max": 1
												}
											}
										],
										"name": "minecraft:nether_brick"
									},
									{
										"type": "item",
										"weight": 1,
										"name": "minecraft:spyglass"
									}
								]
							}
						],
						"children": [
							{
								"data": "1",
								"key": "rolls"
							},
							{
								"open": {
									"rolls": 1,
									"conditions": [
										[
											{
												"condition": "killed_by_player"
											}
										]
									],
									"entries": [
										{
											"type": "item",
											"weight": 1,
											"name": "minecraft:netherstar"
										},
										{
											"type": "item",
											"weight": 1,
											"name": "minecraft:obsidian",
											"functions": [
												{
													"function": "set_count",
													"count": {
														"min": 2,
														"max": 3
													}
												},
												{
													"function": "looting_enchant",
													"count": {
														"min": 0,
														"max": 1
													}
												}
											]
										},
										{
											"type": "item",
											"weight": 1,
											"functions": [
												{
													"function": "set_count",
													"count": {
														"min": 2,
														"max": 3
													}
												},
												{
													"function": "looting_enchant",
													"count": {
														"min": 0,
														"max": 1
													}
												}
											],
											"name": "minecraft:wither_rose"
										},
										{
											"type": "item",
											"weight": 12.5,
											"functions": [
												{
													"function": "set_count",
													"count": {
														"min": 2,
														"max": 3
													}
												},
												{
													"function": "looting_enchant",
													"count": {
														"min": 0,
														"max": 1
													}
												}
											],
											"name": "minecraft:coal_block"
										},
										{
											"type": "item",
											"weight": 25,
											"functions": [
												{
													"function": "set_count",
													"count": {
														"min": 2,
														"max": 3
													}
												},
												{
													"function": "looting_enchant",
													"count": {
														"min": 0,
														"max": 1
													}
												}
											],
											"name": "minecraft:quartz"
										},
										{
											"type": "item",
											"name": "minecraft:recovery_compass",
											"weight": 1
										},
										{
											"type": "item",
											"weight": 10,
											"functions": [
												{
													"function": "set_count",
													"count": {
														"min": 2,
														"max": 3
													}
												},
												{
													"function": "looting_enchant",
													"count": {
														"min": 0,
														"max": 1
													}
												}
											],
											"name": "minecraft:nether_wart"
										},
										{
											"type": "item",
											"weight": 25,
											"functions": [
												{
													"function": "set_count",
													"count": {
														"min": 2,
														"max": 3
													}
												},
												{
													"function": "looting_enchant",
													"count": {
														"min": 0,
														"max": 1
													}
												}
											],
											"name": "minecraft:nether_brick"
										},
										{
											"type": "item",
											"weight": 1,
											"name": "minecraft:spyglass"
										}
									]
								},
								"key": "conditions",
								"children": [
									{
										"open": [
											[
												{
													"condition": "killed_by_player"
												}
											]
										],
										"is_minified": true,
										"children": [
											{
												"condition": "killed_by_player"
											}
										]
									}
								]
							},
							{
								"open": {
									"rolls": 1,
									"conditions": [
										[
											{
												"condition": "killed_by_player"
											}
										]
									],
									"entries": [
										{
											"type": "item",
											"weight": 1,
											"name": "minecraft:netherstar"
										},
										{
											"type": "item",
											"weight": 1,
											"name": "minecraft:obsidian",
											"functions": [
												{
													"function": "set_count",
													"count": {
														"min": 2,
														"max": 3
													}
												},
												{
													"function": "looting_enchant",
													"count": {
														"min": 0,
														"max": 1
													}
												}
											]
										},
										{
											"type": "item",
											"weight": 1,
											"functions": [
												{
													"function": "set_count",
													"count": {
														"min": 2,
														"max": 3
													}
												},
												{
													"function": "looting_enchant",
													"count": {
														"min": 0,
														"max": 1
													}
												}
											],
											"name": "minecraft:wither_rose"
										},
										{
											"type": "item",
											"weight": 12.5,
											"functions": [
												{
													"function": "set_count",
													"count": {
														"min": 2,
														"max": 3
													}
												},
												{
													"function": "looting_enchant",
													"count": {
														"min": 0,
														"max": 1
													}
												}
											],
											"name": "minecraft:coal_block"
										},
										{
											"type": "item",
											"weight": 25,
											"functions": [
												{
													"function": "set_count",
													"count": {
														"min": 2,
														"max": 3
													}
												},
												{
													"function": "looting_enchant",
													"count": {
														"min": 0,
														"max": 1
													}
												}
											],
											"name": "minecraft:quartz"
										},
										{
											"type": "item",
											"name": "minecraft:recovery_compass",
											"weight": 1
										},
										{
											"type": "item",
											"weight": 10,
											"functions": [
												{
													"function": "set_count",
													"count": {
														"min": 2,
														"max": 3
													}
												},
												{
													"function": "looting_enchant",
													"count": {
														"min": 0,
														"max": 1
													}
												}
											],
											"name": "minecraft:nether_wart"
										},
										{
											"type": "item",
											"weight": 25,
											"functions": [
												{
													"function": "set_count",
													"count": {
														"min": 2,
														"max": 3
													}
												},
												{
													"function": "looting_enchant",
													"count": {
														"min": 0,
														"max": 1
													}
												}
											],
											"name": "minecraft:nether_brick"
										},
										{
											"type": "item",
											"weight": 1,
											"name": "minecraft:spyglass"
										}
									]
								},
								"key": "entries",
								"children": [
									{
										"open": [
											{
												"type": "item",
												"weight": 1,
												"name": "minecraft:netherstar"
											},
											{
												"type": "item",
												"weight": 1,
												"name": "minecraft:obsidian",
												"functions": [
													{
														"function": "set_count",
														"count": {
															"min": 2,
															"max": 3
														}
													},
													{
														"function": "looting_enchant",
														"count": {
															"min": 0,
															"max": 1
														}
													}
												]
											},
											{
												"type": "item",
												"weight": 1,
												"functions": [
													{
														"function": "set_count",
														"count": {
															"min": 2,
															"max": 3
														}
													},
													{
														"function": "looting_enchant",
														"count": {
															"min": 0,
															"max": 1
														}
													}
												],
												"name": "minecraft:wither_rose"
											},
											{
												"type": "item",
												"weight": 12.5,
												"functions": [
													{
														"function": "set_count",
														"count": {
															"min": 2,
															"max": 3
														}
													},
													{
														"function": "looting_enchant",
														"count": {
															"min": 0,
															"max": 1
														}
													}
												],
												"name": "minecraft:coal_block"
											},
											{
												"type": "item",
												"weight": 25,
												"functions": [
													{
														"function": "set_count",
														"count": {
															"min": 2,
															"max": 3
														}
													},
													{
														"function": "looting_enchant",
														"count": {
															"min": 0,
															"max": 1
														}
													}
												],
												"name": "minecraft:quartz"
											},
											{
												"type": "item",
												"name": "minecraft:recovery_compass",
												"weight": 1
											},
											{
												"type": "item",
												"weight": 10,
												"functions": [
													{
														"function": "set_count",
														"count": {
															"min": 2,
															"max": 3
														}
													},
													{
														"function": "looting_enchant",
														"count": {
															"min": 0,
															"max": 1
														}
													}
												],
												"name": "minecraft:nether_wart"
											},
											{
												"type": "item",
												"weight": 25,
												"functions": [
													{
														"function": "set_count",
														"count": {
															"min": 2,
															"max": 3
														}
													},
													{
														"function": "looting_enchant",
														"count": {
															"min": 0,
															"max": 1
														}
													}
												],
												"name": "minecraft:nether_brick"
											},
											{
												"type": "item",
												"weight": 1,
												"name": "minecraft:spyglass"
											}
										],
										"is_minified": true,
										"children": {
											"type": "item",
											"weight": 1,
											"name": "minecraft:netherstar"
										}
									},
									{
										"open": [
											{
												"type": "item",
												"weight": 1,
												"name": "minecraft:netherstar"
											},
											{
												"type": "item",
												"weight": 1,
												"name": "minecraft:obsidian",
												"functions": [
													{
														"function": "set_count",
														"count": {
															"min": 2,
															"max": 3
														}
													},
													{
														"function": "looting_enchant",
														"count": {
															"min": 0,
															"max": 1
														}
													}
												]
											},
											{
												"type": "item",
												"weight": 1,
												"functions": [
													{
														"function": "set_count",
														"count": {
															"min": 2,
															"max": 3
														}
													},
													{
														"function": "looting_enchant",
														"count": {
															"min": 0,
															"max": 1
														}
													}
												],
												"name": "minecraft:wither_rose"
											},
											{
												"type": "item",
												"weight": 12.5,
												"functions": [
													{
														"function": "set_count",
														"count": {
															"min": 2,
															"max": 3
														}
													},
													{
														"function": "looting_enchant",
														"count": {
															"min": 0,
															"max": 1
														}
													}
												],
												"name": "minecraft:coal_block"
											},
											{
												"type": "item",
												"weight": 25,
												"functions": [
													{
														"function": "set_count",
														"count": {
															"min": 2,
															"max": 3
														}
													},
													{
														"function": "looting_enchant",
														"count": {
															"min": 0,
															"max": 1
														}
													}
												],
												"name": "minecraft:quartz"
											},
											{
												"type": "item",
												"name": "minecraft:recovery_compass",
												"weight": 1
											},
											{
												"type": "item",
												"weight": 10,
												"functions": [
													{
														"function": "set_count",
														"count": {
															"min": 2,
															"max": 3
														}
													},
													{
														"function": "looting_enchant",
														"count": {
															"min": 0,
															"max": 1
														}
													}
												],
												"name": "minecraft:nether_wart"
											},
											{
												"type": "item",
												"weight": 25,
												"functions": [
													{
														"function": "set_count",
														"count": {
															"min": 2,
															"max": 3
														}
													},
													{
														"function": "looting_enchant",
														"count": {
															"min": 0,
															"max": 1
														}
													}
												],
												"name": "minecraft:nether_brick"
											},
											{
												"type": "item",
												"weight": 1,
												"name": "minecraft:spyglass"
											}
										],
										"is_minified": true,
										"children": {
											"type": "item",
											"weight": 1,
											"name": "minecraft:obsidian",
											"functions": [
												{
													"function": "set_count",
													"count": {
														"min": 2,
														"max": 3
													}
												},
												{
													"function": "looting_enchant",
													"count": {
														"min": 0,
														"max": 1
													}
												}
											]
										}
									},
									{
										"open": [
											{
												"type": "item",
												"weight": 1,
												"name": "minecraft:netherstar"
											},
											{
												"type": "item",
												"weight": 1,
												"name": "minecraft:obsidian",
												"functions": [
													{
														"function": "set_count",
														"count": {
															"min": 2,
															"max": 3
														}
													},
													{
														"function": "looting_enchant",
														"count": {
															"min": 0,
															"max": 1
														}
													}
												]
											},
											{
												"type": "item",
												"weight": 1,
												"functions": [
													{
														"function": "set_count",
														"count": {
															"min": 2,
															"max": 3
														}
													},
													{
														"function": "looting_enchant",
														"count": {
															"min": 0,
															"max": 1
														}
													}
												],
												"name": "minecraft:wither_rose"
											},
											{
												"type": "item",
												"weight": 12.5,
												"functions": [
													{
														"function": "set_count",
														"count": {
															"min": 2,
															"max": 3
														}
													},
													{
														"function": "looting_enchant",
														"count": {
															"min": 0,
															"max": 1
														}
													}
												],
												"name": "minecraft:coal_block"
											},
											{
												"type": "item",
												"weight": 25,
												"functions": [
													{
														"function": "set_count",
														"count": {
															"min": 2,
															"max": 3
														}
													},
													{
														"function": "looting_enchant",
														"count": {
															"min": 0,
															"max": 1
														}
													}
												],
												"name": "minecraft:quartz"
											},
											{
												"type": "item",
												"name": "minecraft:recovery_compass",
												"weight": 1
											},
											{
												"type": "item",
												"weight": 10,
												"functions": [
													{
														"function": "set_count",
														"count": {
															"min": 2,
															"max": 3
														}
													},
													{
														"function": "looting_enchant",
														"count": {
															"min": 0,
															"max": 1
														}
													}
												],
												"name": "minecraft:nether_wart"
											},
											{
												"type": "item",
												"weight": 25,
												"functions": [
													{
														"function": "set_count",
														"count": {
															"min": 2,
															"max": 3
														}
													},
													{
														"function": "looting_enchant",
														"count": {
															"min": 0,
															"max": 1
														}
													}
												],
												"name": "minecraft:nether_brick"
											},
											{
												"type": "item",
												"weight": 1,
												"name": "minecraft:spyglass"
											}
										],
										"is_minified": true,
										"children": {
											"type": "item",
											"weight": 1,
											"functions": [
												{
													"function": "set_count",
													"count": {
														"min": 2,
														"max": 3
													}
												},
												{
													"function": "looting_enchant",
													"count": {
														"min": 0,
														"max": 1
													}
												}
											],
											"name": "minecraft:wither_rose"
										}
									},
									{
										"open": [
											{
												"type": "item",
												"weight": 1,
												"name": "minecraft:netherstar"
											},
											{
												"type": "item",
												"weight": 1,
												"name": "minecraft:obsidian",
												"functions": [
													{
														"function": "set_count",
														"count": {
															"min": 2,
															"max": 3
														}
													},
													{
														"function": "looting_enchant",
														"count": {
															"min": 0,
															"max": 1
														}
													}
												]
											},
											{
												"type": "item",
												"weight": 1,
												"functions": [
													{
														"function": "set_count",
														"count": {
															"min": 2,
															"max": 3
														}
													},
													{
														"function": "looting_enchant",
														"count": {
															"min": 0,
															"max": 1
														}
													}
												],
												"name": "minecraft:wither_rose"
											},
											{
												"type": "item",
												"weight": 12.5,
												"functions": [
													{
														"function": "set_count",
														"count": {
															"min": 2,
															"max": 3
														}
													},
													{
														"function": "looting_enchant",
														"count": {
															"min": 0,
															"max": 1
														}
													}
												],
												"name": "minecraft:coal_block"
											},
											{
												"type": "item",
												"weight": 25,
												"functions": [
													{
														"function": "set_count",
														"count": {
															"min": 2,
															"max": 3
														}
													},
													{
														"function": "looting_enchant",
														"count": {
															"min": 0,
															"max": 1
														}
													}
												],
												"name": "minecraft:quartz"
											},
											{
												"type": "item",
												"name": "minecraft:recovery_compass",
												"weight": 1
											},
											{
												"type": "item",
												"weight": 10,
												"functions": [
													{
														"function": "set_count",
														"count": {
															"min": 2,
															"max": 3
														}
													},
													{
														"function": "looting_enchant",
														"count": {
															"min": 0,
															"max": 1
														}
													}
												],
												"name": "minecraft:nether_wart"
											},
											{
												"type": "item",
												"weight": 25,
												"functions": [
													{
														"function": "set_count",
														"count": {
															"min": 2,
															"max": 3
														}
													},
													{
														"function": "looting_enchant",
														"count": {
															"min": 0,
															"max": 1
														}
													}
												],
												"name": "minecraft:nether_brick"
											},
											{
												"type": "item",
												"weight": 1,
												"name": "minecraft:spyglass"
											}
										],
										"is_minified": true,
										"children": {
											"type": "item",
											"weight": 12.5,
											"functions": [
												{
													"function": "set_count",
													"count": {
														"min": 2,
														"max": 3
													}
												},
												{
													"function": "looting_enchant",
													"count": {
														"min": 0,
														"max": 1
													}
												}
											],
											"name": "minecraft:coal_block"
										}
									},
									{
										"open": [
											{
												"type": "item",
												"weight": 1,
												"name": "minecraft:netherstar"
											},
											{
												"type": "item",
												"weight": 1,
												"name": "minecraft:obsidian",
												"functions": [
													{
														"function": "set_count",
														"count": {
															"min": 2,
															"max": 3
														}
													},
													{
														"function": "looting_enchant",
														"count": {
															"min": 0,
															"max": 1
														}
													}
												]
											},
											{
												"type": "item",
												"weight": 1,
												"functions": [
													{
														"function": "set_count",
														"count": {
															"min": 2,
															"max": 3
														}
													},
													{
														"function": "looting_enchant",
														"count": {
															"min": 0,
															"max": 1
														}
													}
												],
												"name": "minecraft:wither_rose"
											},
											{
												"type": "item",
												"weight": 12.5,
												"functions": [
													{
														"function": "set_count",
														"count": {
															"min": 2,
															"max": 3
														}
													},
													{
														"function": "looting_enchant",
														"count": {
															"min": 0,
															"max": 1
														}
													}
												],
												"name": "minecraft:coal_block"
											},
											{
												"type": "item",
												"weight": 25,
												"functions": [
													{
														"function": "set_count",
														"count": {
															"min": 2,
															"max": 3
														}
													},
													{
														"function": "looting_enchant",
														"count": {
															"min": 0,
															"max": 1
														}
													}
												],
												"name": "minecraft:quartz"
											},
											{
												"type": "item",
												"name": "minecraft:recovery_compass",
												"weight": 1
											},
											{
												"type": "item",
												"weight": 10,
												"functions": [
													{
														"function": "set_count",
														"count": {
															"min": 2,
															"max": 3
														}
													},
													{
														"function": "looting_enchant",
														"count": {
															"min": 0,
															"max": 1
														}
													}
												],
												"name": "minecraft:nether_wart"
											},
											{
												"type": "item",
												"weight": 25,
												"functions": [
													{
														"function": "set_count",
														"count": {
															"min": 2,
															"max": 3
														}
													},
													{
														"function": "looting_enchant",
														"count": {
															"min": 0,
															"max": 1
														}
													}
												],
												"name": "minecraft:nether_brick"
											},
											{
												"type": "item",
												"weight": 1,
												"name": "minecraft:spyglass"
											}
										],
										"is_minified": true,
										"children": {
											"type": "item",
											"weight": 25,
											"functions": [
												{
													"function": "set_count",
													"count": {
														"min": 2,
														"max": 3
													}
												},
												{
													"function": "looting_enchant",
													"count": {
														"min": 0,
														"max": 1
													}
												}
											],
											"name": "minecraft:quartz"
										}
									},
									{
										"open": [
											{
												"type": "item",
												"weight": 1,
												"name": "minecraft:netherstar"
											},
											{
												"type": "item",
												"weight": 1,
												"name": "minecraft:obsidian",
												"functions": [
													{
														"function": "set_count",
														"count": {
															"min": 2,
															"max": 3
														}
													},
													{
														"function": "looting_enchant",
														"count": {
															"min": 0,
															"max": 1
														}
													}
												]
											},
											{
												"type": "item",
												"weight": 1,
												"functions": [
													{
														"function": "set_count",
														"count": {
															"min": 2,
															"max": 3
														}
													},
													{
														"function": "looting_enchant",
														"count": {
															"min": 0,
															"max": 1
														}
													}
												],
												"name": "minecraft:wither_rose"
											},
											{
												"type": "item",
												"weight": 12.5,
												"functions": [
													{
														"function": "set_count",
														"count": {
															"min": 2,
															"max": 3
														}
													},
													{
														"function": "looting_enchant",
														"count": {
															"min": 0,
															"max": 1
														}
													}
												],
												"name": "minecraft:coal_block"
											},
											{
												"type": "item",
												"weight": 25,
												"functions": [
													{
														"function": "set_count",
														"count": {
															"min": 2,
															"max": 3
														}
													},
													{
														"function": "looting_enchant",
														"count": {
															"min": 0,
															"max": 1
														}
													}
												],
												"name": "minecraft:quartz"
											},
											{
												"type": "item",
												"name": "minecraft:recovery_compass",
												"weight": 1
											},
											{
												"type": "item",
												"weight": 10,
												"functions": [
													{
														"function": "set_count",
														"count": {
															"min": 2,
															"max": 3
														}
													},
													{
														"function": "looting_enchant",
														"count": {
															"min": 0,
															"max": 1
														}
													}
												],
												"name": "minecraft:nether_wart"
											},
											{
												"type": "item",
												"weight": 25,
												"functions": [
													{
														"function": "set_count",
														"count": {
															"min": 2,
															"max": 3
														}
													},
													{
														"function": "looting_enchant",
														"count": {
															"min": 0,
															"max": 1
														}
													}
												],
												"name": "minecraft:nether_brick"
											},
											{
												"type": "item",
												"weight": 1,
												"name": "minecraft:spyglass"
											}
										],
										"is_minified": true,
										"children": {
											"type": "item",
											"name": "minecraft:recovery_compass",
											"weight": 1
										}
									},
									{
										"open": [
											{
												"type": "item",
												"weight": 1,
												"name": "minecraft:netherstar"
											},
											{
												"type": "item",
												"weight": 1,
												"name": "minecraft:obsidian",
												"functions": [
													{
														"function": "set_count",
														"count": {
															"min": 2,
															"max": 3
														}
													},
													{
														"function": "looting_enchant",
														"count": {
															"min": 0,
															"max": 1
														}
													}
												]
											},
											{
												"type": "item",
												"weight": 1,
												"functions": [
													{
														"function": "set_count",
														"count": {
															"min": 2,
															"max": 3
														}
													},
													{
														"function": "looting_enchant",
														"count": {
															"min": 0,
															"max": 1
														}
													}
												],
												"name": "minecraft:wither_rose"
											},
											{
												"type": "item",
												"weight": 12.5,
												"functions": [
													{
														"function": "set_count",
														"count": {
															"min": 2,
															"max": 3
														}
													},
													{
														"function": "looting_enchant",
														"count": {
															"min": 0,
															"max": 1
														}
													}
												],
												"name": "minecraft:coal_block"
											},
											{
												"type": "item",
												"weight": 25,
												"functions": [
													{
														"function": "set_count",
														"count": {
															"min": 2,
															"max": 3
														}
													},
													{
														"function": "looting_enchant",
														"count": {
															"min": 0,
															"max": 1
														}
													}
												],
												"name": "minecraft:quartz"
											},
											{
												"type": "item",
												"name": "minecraft:recovery_compass",
												"weight": 1
											},
											{
												"type": "item",
												"weight": 10,
												"functions": [
													{
														"function": "set_count",
														"count": {
															"min": 2,
															"max": 3
														}
													},
													{
														"function": "looting_enchant",
														"count": {
															"min": 0,
															"max": 1
														}
													}
												],
												"name": "minecraft:nether_wart"
											},
											{
												"type": "item",
												"weight": 25,
												"functions": [
													{
														"function": "set_count",
														"count": {
															"min": 2,
															"max": 3
														}
													},
													{
														"function": "looting_enchant",
														"count": {
															"min": 0,
															"max": 1
														}
													}
												],
												"name": "minecraft:nether_brick"
											},
											{
												"type": "item",
												"weight": 1,
												"name": "minecraft:spyglass"
											}
										],
										"is_minified": true,
										"children": {
											"type": "item",
											"weight": 10,
											"functions": [
												{
													"function": "set_count",
													"count": {
														"min": 2,
														"max": 3
													}
												},
												{
													"function": "looting_enchant",
													"count": {
														"min": 0,
														"max": 1
													}
												}
											],
											"name": "minecraft:nether_wart"
										}
									},
									{
										"open": [
											{
												"type": "item",
												"weight": 1,
												"name": "minecraft:netherstar"
											},
											{
												"type": "item",
												"weight": 1,
												"name": "minecraft:obsidian",
												"functions": [
													{
														"function": "set_count",
														"count": {
															"min": 2,
															"max": 3
														}
													},
													{
														"function": "looting_enchant",
														"count": {
															"min": 0,
															"max": 1
														}
													}
												]
											},
											{
												"type": "item",
												"weight": 1,
												"functions": [
													{
														"function": "set_count",
														"count": {
															"min": 2,
															"max": 3
														}
													},
													{
														"function": "looting_enchant",
														"count": {
															"min": 0,
															"max": 1
														}
													}
												],
												"name": "minecraft:wither_rose"
											},
											{
												"type": "item",
												"weight": 12.5,
												"functions": [
													{
														"function": "set_count",
														"count": {
															"min": 2,
															"max": 3
														}
													},
													{
														"function": "looting_enchant",
														"count": {
															"min": 0,
															"max": 1
														}
													}
												],
												"name": "minecraft:coal_block"
											},
											{
												"type": "item",
												"weight": 25,
												"functions": [
													{
														"function": "set_count",
														"count": {
															"min": 2,
															"max": 3
														}
													},
													{
														"function": "looting_enchant",
														"count": {
															"min": 0,
															"max": 1
														}
													}
												],
												"name": "minecraft:quartz"
											},
											{
												"type": "item",
												"name": "minecraft:recovery_compass",
												"weight": 1
											},
											{
												"type": "item",
												"weight": 10,
												"functions": [
													{
														"function": "set_count",
														"count": {
															"min": 2,
															"max": 3
														}
													},
													{
														"function": "looting_enchant",
														"count": {
															"min": 0,
															"max": 1
														}
													}
												],
												"name": "minecraft:nether_wart"
											},
											{
												"type": "item",
												"weight": 25,
												"functions": [
													{
														"function": "set_count",
														"count": {
															"min": 2,
															"max": 3
														}
													},
													{
														"function": "looting_enchant",
														"count": {
															"min": 0,
															"max": 1
														}
													}
												],
												"name": "minecraft:nether_brick"
											},
											{
												"type": "item",
												"weight": 1,
												"name": "minecraft:spyglass"
											}
										],
										"is_minified": true,
										"children": {
											"type": "item",
											"weight": 25,
											"functions": [
												{
													"function": "set_count",
													"count": {
														"min": 2,
														"max": 3
													}
												},
												{
													"function": "looting_enchant",
													"count": {
														"min": 0,
														"max": 1
													}
												}
											],
											"name": "minecraft:nether_brick"
										}
									},
									{
										"open": [
											{
												"type": "item",
												"weight": 1,
												"name": "minecraft:netherstar"
											},
											{
												"type": "item",
												"weight": 1,
												"name": "minecraft:obsidian",
												"functions": [
													{
														"function": "set_count",
														"count": {
															"min": 2,
															"max": 3
														}
													},
													{
														"function": "looting_enchant",
														"count": {
															"min": 0,
															"max": 1
														}
													}
												]
											},
											{
												"type": "item",
												"weight": 1,
												"functions": [
													{
														"function": "set_count",
														"count": {
															"min": 2,
															"max": 3
														}
													},
													{
														"function": "looting_enchant",
														"count": {
															"min": 0,
															"max": 1
														}
													}
												],
												"name": "minecraft:wither_rose"
											},
											{
												"type": "item",
												"weight": 12.5,
												"functions": [
													{
														"function": "set_count",
														"count": {
															"min": 2,
															"max": 3
														}
													},
													{
														"function": "looting_enchant",
														"count": {
															"min": 0,
															"max": 1
														}
													}
												],
												"name": "minecraft:coal_block"
											},
											{
												"type": "item",
												"weight": 25,
												"functions": [
													{
														"function": "set_count",
														"count": {
															"min": 2,
															"max": 3
														}
													},
													{
														"function": "looting_enchant",
														"count": {
															"min": 0,
															"max": 1
														}
													}
												],
												"name": "minecraft:quartz"
											},
											{
												"type": "item",
												"name": "minecraft:recovery_compass",
												"weight": 1
											},
											{
												"type": "item",
												"weight": 10,
												"functions": [
													{
														"function": "set_count",
														"count": {
															"min": 2,
															"max": 3
														}
													},
													{
														"function": "looting_enchant",
														"count": {
															"min": 0,
															"max": 1
														}
													}
												],
												"name": "minecraft:nether_wart"
											},
											{
												"type": "item",
												"weight": 25,
												"functions": [
													{
														"function": "set_count",
														"count": {
															"min": 2,
															"max": 3
														}
													},
													{
														"function": "looting_enchant",
														"count": {
															"min": 0,
															"max": 1
														}
													}
												],
												"name": "minecraft:nether_brick"
											},
											{
												"type": "item",
												"weight": 1,
												"name": "minecraft:spyglass"
											}
										],
										"is_minified": true,
										"children": {
											"type": "item",
											"weight": 1,
											"name": "minecraft:spyglass"
										}
									}
								]
							}
						]
					}
				]
			}
		]
	}
}