{
	"file_path": "C:\\Users\\User\\Desktop\\packs-master\\packs-master\\stable\\behavior\\loot_tables\\entities\\pillager_captain_equipment.json",
	"file_type": "entity",
	"format_version": 1,
	"file_uuid": "9b460bcb_3784_4f03_9677_894b7c8edfee",
	"file_version": 0,
	"cache_content": {
		"children": [
			{
				"open": {
					"pools": [
						{
							"rolls": 1,
							"entries": [
								{
									"type": "item",
									"name": "minecraft:banner",
									"weight": 1,
									"functions": [
										{
											"function": "set_banner_details",
											"type": 1
										}
									]
								}
							]
						},
						{
							"rolls": 1,
							"entries": [
								{
									"type": "item",
									"name": "minecraft:crossbow",
									"weight": 1,
									"functions": [
										{
											"function": "looting_enchant",
											"count": {
												"min": 0,
												"max": 1
											}
										},
										{
											"function": "enchant_random_gear",
											"chance": 0.2
										}
									]
								}
							]
						}
					]
				},
				"key": "pools",
				"children": [
					{
						"open": [
							{
								"rolls": 1,
								"entries": [
									{
										"type": "item",
										"name": "minecraft:banner",
										"weight": 1,
										"functions": [
											{
												"function": "set_banner_details",
												"type": 1
											}
										]
									}
								]
							},
							{
								"rolls": 1,
								"entries": [
									{
										"type": "item",
										"name": "minecraft:crossbow",
										"weight": 1,
										"functions": [
											{
												"function": "looting_enchant",
												"count": {
													"min": 0,
													"max": 1
												}
											},
											{
												"function": "enchant_random_gear",
												"chance": 0.2
											}
										]
									}
								]
							}
						],
						"children": [
							{
								"open": {
									"rolls": 1,
									"entries": [
										{
											"type": "item",
											"name": "minecraft:banner",
											"weight": 1,
											"functions": [
												{
													"function": "set_banner_details",
													"type": 1
												}
											]
										}
									]
								},
								"data": "1",
								"key": "rolls"
							},
							{
								"open": {
									"rolls": 1,
									"entries": [
										{
											"type": "item",
											"name": "minecraft:banner",
											"weight": 1,
											"functions": [
												{
													"function": "set_banner_details",
													"type": 1
												}
											]
										}
									]
								},
								"key": "entries",
								"children": [
									{
										"open": [
											{
												"type": "item",
												"name": "minecraft:banner",
												"weight": 1,
												"functions": [
													{
														"function": "set_banner_details",
														"type": 1
													}
												]
											}
										],
										"is_minified": true,
										"children": {
											"type": "item",
											"name": "minecraft:banner",
											"weight": 1,
											"functions": [
												{
													"function": "set_banner_details",
													"type": 1
												}
											]
										}
									}
								]
							}
						]
					},
					{
						"open": [
							{
								"rolls": 1,
								"entries": [
									{
										"type": "item",
										"name": "minecraft:banner",
										"weight": 1,
										"functions": [
											{
												"function": "set_banner_details",
												"type": 1
											}
										]
									}
								]
							},
							{
								"rolls": 1,
								"entries": [
									{
										"type": "item",
										"name": "minecraft:crossbow",
										"weight": 1,
										"functions": [
											{
												"function": "looting_enchant",
												"count": {
													"min": 0,
													"max": 1
												}
											},
											{
												"function": "enchant_random_gear",
												"chance": 0.2
											}
										]
									}
								]
							}
						],
						"children": [
							{
								"data": "1",
								"key": "rolls"
							},
							{
								"open": {
									"rolls": 1,
									"entries": [
										{
											"type": "item",
											"name": "minecraft:crossbow",
											"weight": 1,
											"functions": [
												{
													"function": "looting_enchant",
													"count": {
														"min": 0,
														"max": 1
													}
												},
												{
													"function": "enchant_random_gear",
													"chance": 0.2
												}
											]
										}
									]
								},
								"key": "entries",
								"children": [
									{
										"open": [
											{
												"type": "item",
												"name": "minecraft:crossbow",
												"weight": 1,
												"functions": [
													{
														"function": "looting_enchant",
														"count": {
															"min": 0,
															"max": 1
														}
													},
													{
														"function": "enchant_random_gear",
														"chance": 0.2
													}
												]
											}
										],
										"children": [
											{
												"data": "item",
												"key": "type"
											},
											{
												"data": "minecraft:crossbow",
												"key": "name"
											},
											{
												"data": "1",
												"key": "weight"
											},
											{
												"open": {
													"type": "item",
													"name": "minecraft:crossbow",
													"weight": 1,
													"functions": [
														{
															"function": "looting_enchant",
															"count": {
																"min": 0,
																"max": 1
															}
														},
														{
															"function": "enchant_random_gear",
															"chance": 0.2
														}
													]
												},
												"key": "functions",
												"children": [
													{
														"open": [
															{
																"function": "looting_enchant",
																"count": {
																	"min": 0,
																	"max": 1
																}
															},
															{
																"function": "enchant_random_gear",
																"chance": 0.2
															}
														],
														"children": [
															{
																"data": "looting_enchant",
																"key": "function"
															},
															{
																"open": {
																	"function": "looting_enchant",
																	"count": {
																		"min": 0,
																		"max": 1
																	}
																},
																"key": "count",
																"is_minified": true,
																"children": {
																	"min": 0,
																	"max": 1
																}
															}
														]
													},
													{
														"open": [
															{
																"function": "looting_enchant",
																"count": {
																	"min": 0,
																	"max": 1
																}
															},
															{
																"function": "enchant_random_gear",
																"chance": 0.2
															}
														],
														"is_minified": true,
														"children": {
															"function": "enchant_random_gear",
															"chance": 0.2
														}
													}
												]
											}
										]
									}
								]
							}
						]
					}
				]
			}
		]
	}
}