{
	"format_version": "1.8.0",
	"animations": {
		"animation.pigstill.baby_transform": {
			"loop": true,
			"bones": {
				"head": {
					"position": [0, 4, 4],
					"scale": 2
				}
			}
		},
		"animation.pigstill.setup": {
			"loop": true,
			"bones": {
				"body": {
					"rotation": ["-this", 0, 0]
				}
			}
		},
		"animation.pigstill.walk": {
			"anim_time_update": "query.modified_distance_moved",
			"loop": true,
			"bones": {
				"leg0": {
					"rotation": ["math.cos(query.anim_time*38.17)*80.0", 0, 0]
				},
				"leg1": {
					"rotation": ["math.cos(query.anim_time*38.17)*-80.0", 0, 0]
				},
				"leg2": {
					"rotation": ["math.cos(query.anim_time*38.17)*-80.0", 0, 0]
				},
				"leg3": {
					"rotation": ["math.cos(query.anim_time*38.17)*80.0", 0, 0]
				}
			}
		}
	}
}